X,Y
0.0,0.0
-0.003352896238414029,0.0021813039252770467
-0.007815831647004974,0.004462373322087192
-0.010939251802334871,0.0070237290668926896
-0.015496212720514367,0.0069905215342325345
-0.021441645370319715,0.00492502221451305
-0.025368911878557037,0.005693707939296468
-0.03026777858918454,0.0066978787146455545
-0.030719114703696888,0.01677307341607715
-0.029530867980223266,0.025474062030516928
-0.03796844908908329,0.022235037075968415
-0.044289452131648505,0.01850525411547801
-0.048447512582705306,0.018890170050812432
0.0014238050305716951,0.05698221458696493
0.013429946957466916,0.05950324801823532
0.014247186971894128,0.06341937924158428
0.017520425820914315,0.06777193135106775
0.019022647429829204,0.07151320776444316
0.0203842964599162,0.07632483513139252
0.02381209674979891,0.07951090521669475
0.03602890251824842,0.0791891291992187
0.037596404953462406,0.08396731706190967
0.03914339358489821,0.08765725719333083
0.042139374569723886,0.0906877781780572
0.03777195647705723,0.09797080842728252
0.039210888152373696,0.10170302970070282
0.04285483440654911,0.10455841988088409
0.04486022852236634,0.10914009298567172
0.04829239583029814,0.11203501463814695
0.05131918174728415,0.11616945202930597
0.05413115052645387,0.11929299452475152
0.05615256508957295,0.12276762372002349
0.05975583525459982,0.126606635501561
0.06068069938040238,0.13059040057640237
-0.023143344953257556,0.14617929259773604
-0.07575939790123351,0.13292672278230053
-0.09325753909428551,0.1263013515449372
-0.12780047211202206,0.09791853413907031
-0.10177980590732645,0.13113684116016733
-0.11785611600475802,0.12251504364882308
-0.09852602422796874,0.1446292589686807
-0.12840903068560103,0.1247081426306413
-0.10257588544872295,0.15154929140187515
-0.06429139817827342,0.1766652657436733
-0.12295671273926913,0.14746405254282433
-0.09671049052532803,0.17047897530883518
-0.12228447390123415,0.15952274898176244
-0.13175366114763568,0.15705404411919482
-0.10584005205563593,0.18021898729284958
-0.12625300649502835,0.17278940462588072
-0.13176021400039822,0.17367569204286842
-0.12015359311025614,0.18786195480377343
-0.140075703830814,0.1786275376203291
-0.14881753060947878,0.17667581210594974
-0.14469900116945206,0.186435509119274
-0.14409929412019712,0.19192548927659642
-0.14766905047315607,0.19424173478518073
-0.16936668329113383,0.18252650928279093
-0.1719018885486796,0.18563065671757273
-0.11913710813523323,0.22771769686428356
-0.16187936766878425,0.20600745210587545
-0.16664149752067664,0.20733212800737452
-0.14165248219532978,0.23103154392398842
-0.1523172729545482,0.2289638581953267
-0.1376644227375843,0.24267160260798482
0.0730058360820472,0.27445609466353854
0.0757026747061045,0.27787246182797914
0.07619048400803018,0.2818847462113232
0.08292831963919055,0.28518747132688044
0.033037773784476684,0.2991813923080206
-0.06418221697052447,0.29817049321612715
-0.08954140715385293,0.29678668501957417
-0.297181415921334,0.10138641936172264
-0.3175379580387891,0.03050647807525845
0.2888116463574259,0.14462652913042323
0.08250168295656365,-0.31642135248641906
0.07796724678040078,-0.3227152125783414
0.06215446443207572,-0.3302011849632915
0.3129938257698397,0.13279632912832817
0.08737685546449252,-0.33375183164911193
-0.3266552817379666,0.1228711801550292
-0.3332864517865076,0.11631483592199204
-0.33607664190712333,0.1233551408107145
-0.3403279018472076,0.12337308954661624
-0.34376056165915686,0.12852111207027817
-0.34672148902032635,0.132004579661191
-0.3489708471916982,0.13727471657340412
-0.3541773815350831,0.13768944189353152
-0.35818312611108094,0.1384227155104736
-0.3630215241640608,0.1369648604336244
-0.36543298880012837,0.14459505764930305
-0.3688595368975062,0.1468047752621053
-0.37167960127390237,0.15051669009406557
-0.3788501981850548,0.1459744064387478
-0.38184087036038283,0.1493236408691714
-0.38573691497656776,0.1530752508551272
-0.38757225714225835,0.15921289361623692
-0.39609367580182014,0.1484547068630786
-0.4001715915835377,0.15181138721946477
-0.40482361820989193,0.15080397255858888
-0.40718565373298915,0.1558712397911759
-0.41041962432802537,0.1613590157581612
-0.41097405780612917,0.17066143035368142
-0.4172043924681594,0.16595630420467322
-0.421345010435037,0.1690691638989753
-0.42315547704321477,0.17522397737846657
-0.4228370484753304,0.18862086426657884
-0.42553348909051875,0.19238048150072132
-0.4344421706257338,0.18193680326421247
-0.43794297778352254,0.1864991909100441
-0.44010452376831116,0.19159334059060618
-0.4509671138796689,0.17574032604681747
-0.4640848741477685,0.15409811675439083
-0.47147457541432936,0.14408582420862165
-0.4781097740039099,0.13572046272368143
-0.48607040207881086,0.1254574199596946
-0.49032063894070765,0.1249866834057781
-0.4759041091564772,0.18610824508328438
-0.4800035565541258,0.1866054278293914
-0.485953514575468,0.18223660903273647
-0.48952236931917636,0.1869327417445642
-0.4917365354884931,0.19229971311932323
-0.4979387102710552,0.18729933479219352
-0.5029956992124448,0.18805405226631985
-0.5065527001644089,0.18996147492622434
-0.5140230152061367,0.1811224443253564
-0.5174466352580793,0.18641078203819714
-0.5243264471987868,0.17887922396940875
-0.5251518939888469,0.19156327476822646
-0.5322966332793595,0.18338291686920832
-0.5364467913575635,0.1836132893942449
-0.5406192308845517,0.18685515031113198
-0.5458876428275204,0.18380065671322682
-0.551141540225031,0.18067374640046763
-0.5562561109286533,0.18111912945497952
-0.5604231662559928,0.18123706774169532
-0.5654925372485298,0.17851383788440636
-0.5716824909918506,0.1754512168477397
-0.5795793045933056,0.16276310910995825
-0.582722744512705,0.16995058995949613
-0.5893860652194158,0.16107472217941113
-0.5927555099322122,0.16390822262779572
-0.5975746604194659,0.16524080980363148
-0.6055502006434572,0.15061525321383867
-0.6098839317819293,0.14975176043778224
-0.6145884441738132,0.1515587156451639
-0.6209753868344522,0.14198087528185774
-0.6244433327238628,0.14474641348480882
-0.6298926514131373,0.14335706364085404
-0.6366820858627,0.13090424569707984
-0.640600129468009,0.13170981028598494
-0.6461531963355868,0.1294876320939751
-0.6519561173498255,0.12050817835375546
-0.6581686496802718,0.11418418707530278
-0.6616450119742708,0.11751543783506511
-0.6672816559372154,0.10821825931739872
-0.6731711014985355,0.10296440213611889
-0.6786954828819468,0.09272238950566976
-0.6836432492368437,0.08574909779636551
-0.6896689857966408,0.07741246689153308
-0.6933270402714314,0.08063259408239887
-0.6985084679950855,0.06992796392830683
-0.7042157098719911,0.06268360207811546
-0.7092697855660823,0.049571879962772264
-0.7144041651733043,0.04777749243141731
-0.7188397664823871,0.040858170829678256
0.6080703695270255,-0.39297127847117097
0.44929385237865976,-0.5740871312046134
0.1506892567050238,-0.7173435354930631
-0.08086624573822823,-0.7325501008806187
-0.7419076436749061,0.011706761155357152
-0.507379687434743,-0.5468837653273523
-0.661802079129855,-0.35287109269448685
-0.7441354687020153,-0.12762211493166833
-0.7534368962565081,0.09172700452625579
-0.6963015496274589,0.31442034283169307
0.7334710973183948,0.22769310353752428
0.7386512538718227,0.2244511642954522
0.7447773038375267,0.2214402124468462
0.7418427314572713,0.2441932877538096
0.7436547909276298,0.2514011772653091
0.7496470977957006,0.24925735448825445
0.7529402339184113,0.25202580055797513
0.7602052455390457,0.24267670810137368
0.7652122510145366,0.24343214844647348
0.7677911866499959,0.24848680790454705
0.770266762171267,0.25696909365562404
0.7773527322805278,0.2481506188104272
0.7741464760162078,0.2703650008260815
0.7812834265236211,0.2649928441288736
0.7853373524573312,0.2654924534432372
0.7893930551035415,0.2659842186188818
0.7946648816418496,0.26599196582819035
0.7981903706332342,0.26805994148395285
0.8130529008109122,0.23379687868524024
-0.7939564570620127,-0.3063235940790986
-0.7945708652806636,-0.31572478529114184
-0.7879602371187464,-0.3445557497993162
-0.7845441435394959,-0.3619205532128273
-0.7863484671873111,-0.367532431429073
-0.7848627535005834,-0.3822557496853151
-0.7810209067930479,-0.39891771476354015
-0.7755777775588036,-0.4178996422072493
-0.7727224939585406,-0.4334696613726191
-0.7637164754683411,-0.4569870294638731
-0.7544767017028998,-0.47958409751316156
-0.7533456466843448,-0.4905826501434252
-0.7507300489523516,-0.5018101170761703
-0.7467172171968198,-0.5166017784927163
-0.7308452109570337,-0.5455357711655294
-0.7307499084300277,-0.5523228868420229
-0.7171729912611349,-0.5778441836737273
-0.7085373937002719,-0.5946425495441996
-0.79908436971895,-0.4738197653864478
-0.6845282625670038,-0.6354345424565768
-0.6686668776009811,-0.6578211054681619
-0.6601911970570413,-0.6719461163876095
-0.6410461736216988,-0.6970428991711907
-0.6324721513010878,-0.7101971401157385
-0.6177523573297378,-0.7296012781057555
-0.6048157126847921,-0.7455185803785087
-0.5838403214096045,-0.7670896160790664
-0.5689803116920172,-0.7843611444397631
-0.5546647076483532,-0.7994223302418858
-0.5268702995119598,-0.8227616225202642
-0.5171029733714173,-0.8348224451525241
-0.49297908949426683,-0.8539131204762014
-0.47860047559917607,-0.8666265543798218
-0.44134877302690206,-0.8917602035007215
-0.4151588809624756,-0.9086496043899348
-0.4144952875843469,-0.9144449992046375
-0.38096728526892326,-0.9332351941256967
-0.3513574599719122,-0.9490479099192444
-0.3233626599011821,-0.9642227907395844
-0.2905620555861633,-0.9787822494577347
-0.27199103356350746,-0.9882539540325932
-0.25539916336434715,-0.9978332863523804
-0.21511700076161575,-1.0113756354507097
-0.18539793018417505,-1.0213087718625664
-0.14923403835740365,-1.032268473700297
-0.10928982969350153,-1.0412803335920473
-0.09515392349045056,-1.047687802183634
-0.06181908384469439,-1.0541889777798867
-0.017567940452960753,-1.0598544086185806
-0.008066539126105983,-1.0649694507104543
0.47403034947567885,-0.9581525075769336
0.435003375273405,-0.9808675055789876
-0.5211427400968807,-0.9436600258802506
-0.603397287259015,-0.8981290072859588
-0.5420361805363798,-0.9410593918502346
-0.7638377311721513,-0.7789948141276553
0.28665304430030375,-1.056813622259558
-0.02702899568038803,-1.0996678741295072
-0.07344373330552059,-1.101554364540465
-0.13437272724153837,-1.0998217901886067
-0.20098354085729933,-1.0947029808603164
-0.26505191827154,-1.0850974521307184
-0.32438985746264815,-1.0730387785981281
-0.3993723046118146,-1.0527952138517005
-0.4510236272369554,-1.0360876833907542
-0.5111190505590255,-1.0122812436055704
-0.5822507829866546,-0.9789305520369807
-0.6240703517549416,-0.9575934398587239
-0.6861090609953717,-0.9204120579501602
-0.7284594520829156,-0.8924409373572337
-0.784223291147765,-0.8493113855479435
-0.8235542700220463,-0.8183393943398145
-0.8718302680692663,-0.7727463902719127
-0.9095540801938734,-0.7343516699801785
-0.9484706966214013,-0.6918665605812393
-0.9928880063523763,-0.6339222403746406
-1.0167036867683519,-0.6028578715681177
-1.059780837813019,-0.5346340578417504
-1.0829641323973067,-0.4956507721581283
-1.1074501193006583,-0.45163063808931025
-1.1335989520005603,-0.39364122754512315
-1.1494316783435223,-0.35836129369728714
-1.1704452903539844,-0.302884173056595
-1.1887672212931515,-0.24124985715842318
-1.2021795377415767,-0.189349832414631
-1.2134703301966265,-0.1441310436113265
-1.2222511566956504,-0.09580245276685168
-1.229237114764754,-0.04331415109202869
-1.2349952347147872,0.0034307771375902845
-1.2378129117554952,0.05422356951901104
-1.2384168412039522,0.1177273435631031
-1.2368492022528834,0.16645735455787436
-1.23335895031103,0.21524334992671457
-1.229704157702118,0.26053154229406533
-1.22310484679316,0.30681514589583175
-1.213337715223037,0.357822007173036
-0.9624752727223265,0.8285779078626725
-0.8246422285186733,0.9711030815231493
-0.7205773266707182,1.0554867674623312
-0.6988361325799743,1.0759726110829515
-0.6988548341171194,1.0807270334506922
-0.8184320323706429,0.9997164639984973
-1.1143937655277742,0.6616211418575048
-1.10020214738498,0.6924992670678279
-1.0772265623837987,0.7366192593835595
-1.0563351908858767,0.7730698315780395
-1.0334016092854568,0.8099692055419317
-1.0099461993092007,0.8468368641603294
-0.9764533382574692,0.8911918301947368
-0.9549187863271954,0.920003321471937
-0.9284827416596219,0.9536670270278991
-0.8992061791944955,0.9867386925110603
-0.8714417933271538,1.0179337900093277
-0.8325159644173522,1.0551081314207782
0.441082545166865,1.27379362078365
0.5409958840756535,1.2401340465502921
0.6210333171111027,1.2065515401498523
0.6931351049064999,1.171274829553788
0.7739514270270372,1.1255910396777387
-0.6350888643784807,1.213903675891317
-0.6430223908999514,1.2142479997106481
-1.259731928069098,0.5609959620205061
-1.1904818850755121,0.7038763252923451
-1.147159691616433,0.7813889184845726
-0.48908665496355014,1.3032491104683575
-0.44048416074377655,1.3246847565114692
-0.4046693916856386,1.3412843410078175
-0.3815482810346521,1.3522003953702655
-0.3499822684483915,1.3648418999179788
-0.303079923214685,1.381136691332245
-0.2817386349174709,1.389729233194308
-0.24200441693047878,1.4012558161114403
-0.21891629743580643,1.4101080294491617
-0.18553251807153565,1.4189216626502097
-0.1505293227745156,1.4280885557223144
-0.10074408245691974,1.4364715903386023
-0.070754177903634,1.442265525591311
-0.039144849393515424,1.4484711528939604
-0.014556442332887392,1.4529270835064674
0.026197828850231773,1.4567644537685336
0.05843757691973399,1.4608316294507557
0.10543397185453612,1.4622037059106974
0.12623732559565745,1.4645696083240483
0.16482791823794532,1.4657614940260046
0.18876853418556103,1.466904032478415
0.23640131151651514,1.4650496305290384
0.23850739160438614,1.4687607783945185
0.2700204273761304,1.4673625894098608
0.3003147757980276,1.466567432966306
0.3523893115019766,1.4590485849138688
0.37668915514965773,1.4570965240479565
0.411462248418829,1.4528588431523972
0.4517281717858898,1.4450389817631142
0.4471226061374932,1.4506568771011346
0.5164802257215582,1.4327516101678643
0.5005616618757759,1.4426250457621208
0.5553966674600036,1.4277809852264884
0.5725593804637181,1.4252970763468937
0.602513884702579,1.4172427522272277
0.6496518856362621,1.401776525516549
0.6625561155299352,1.4001501325836037
0.6852480096750958,1.3936442032442569
0.7441838109215517,1.3687784537909256
0.7268098385078584,1.3826031457537555
0.7712845428009334,1.3628925687802231
0.7955230714878004,1.3546896481226303
0.8218645722631618,1.3435637777413807
0.8244736661433624,1.3478290595754803
0.8746595672912916,1.3206160082877274
0.8887481878611446,1.3160055693550585
0.8941850268644773,1.3183634315815096
0.931784441188517,1.2969914244739642
0.956086316630776,1.2841728680950222
0.9731839285549578,1.2775558857452534
0.9743265734291701,1.2817128103868558
1.0073005431024682,1.261087473518579
1.040487011596261,1.2403821099562353
1.0517362029965216,1.2361148649322438
1.062396805944346,1.233570843818567
1.0919524397457536,1.2128742182655612
1.1139414054477004,1.1981780106600195
1.1293082039510387,1.1906065599050255
1.147480454101946,1.17869148103055
1.1771398758117844,1.1547911987774313
1.2036373049778635,1.134448429002229
1.1905097498831179,1.153971635454371
1.221924874899678,1.1265627368688376
1.2490579536052355,1.1039670414172251
1.2575724997180158,1.1003419504649368
1.3002404341651166,1.0575210699376676
1.6075180834853786,0.4881450719483862
1.6628075855372662,0.2663211097148086
1.6727530057221107,0.23370575912382782
1.6708835696776885,0.2727583116628079
0.027873180581232736,-1.696771076428487
1.1273585950485339,1.2750947408605353
1.1338372699895314,1.274695667672361
1.4105368158282527,0.9666881044023942
1.3999598712613608,0.9906247316001525
1.068797040445996,1.3463409250014946
1.1276546558593397,1.304059422387935
1.1587510616410257,1.2819048237469879
1.2069262367669809,1.2422371186707848
1.2326379613570284,1.2238352242935278
1.1700492784535492,1.2892112650726915
-1.1646749005977957,-1.2994450261236583
-1.1390620390596562,-1.3285472032160763
0.34251185990030236,1.7202330149801324
-0.1400687472044529,-1.7524111235827555
0.4040533114766405,-1.7160739848516906
0.5129554195274789,1.6909067796828388
-0.28189129700574833,-1.7494345648444292
0.6546914302006113,1.650925537758102
0.22234560157979288,-1.7660584456518194
0.7336135759336291,1.6272787472359715
0.7950847704388981,1.6026107474418498
1.5280552343293514,-0.9380278251942584
1.7942677096793516,0.11579026730262704
0.9686782191905631,1.5194954780011027
1.7772867665027603,-0.32076120341176406
1.585329907461027,-0.8754713499079287
1.0686194141746532,1.4670642615949108
1.120951925108934,1.433829411608848
1.1391540585249387,1.4245364266827862
1.4330363343680688,1.1348968518684548
1.7104004541130675,0.6591049131737776
1.8228530968532526,-0.22754249557501577
1.834480115737727,-0.15480214779806997
1.7195250363965537,0.6824468105320965
1.7467422750713577,0.6214558910160385
1.3412883487812315,1.2871777520698986
1.3312079246673205,1.3033243883634364
1.3451924322732316,1.2961023571287986
1.3686815374342978,1.277143237497849
1.4031709375654062,1.2451856568286588
1.8446346596774525,0.4296032731679869
1.8247036612953336,0.5223605540767836
1.8171541284731385,0.5617427110101455
1.8285583780992265,0.5413162272490327
1.833475081825434,0.5387857870482652
1.835138464035428,0.5472584561408718
1.8399299482757292,0.5486873293945033
1.849699601861023,0.5295161781052327
1.8617570236811158,0.5048779899877133
1.8583520428260696,0.5319931248843113
1.864315044857301,0.5256409549480712
1.8707000023158873,0.5213880525437258
1.8796839491828699,0.5036906304313093
1.8810004730326253,0.5141373556269179
1.884788868896958,0.5192262702157182
1.9001112731325212,0.4767160053057902
1.9044677680257938,0.4757851621802137
1.9029565572232991,0.5017771829416406
1.9150959638587464,0.47030995015196014
1.9166041552410253,0.4849304198674648
1.9185229533789494,0.4935895839238447
1.9228904257870447,0.49266358746767464
1.9376801620779716,0.4533162135744606
1.9286046856665435,0.506478001916226
1.9417665064845508,0.4706876185909109
1.9525953733862589,0.44652022107691447
1.9446992093649713,0.49617938801934935
1.9572079276363228,0.46201528978761225
1.9583061244544344,0.47884561491597005
1.9655021214896586,0.4660487210793003
1.966566595747445,0.48295012629701783
1.9714150383965199,0.47996223433104435
1.9762593802035602,0.4769568766224465
1.9825453037693912,0.4721844115405884
1.9845281312519782,0.48105311169301296
1.9935970965572347,0.46009413884395794
1.9951915692006976,0.4751963827623881
2.005103234205273,0.45009556782927207
2.007186157664657,0.4590040615064238
2.0092634222785404,0.4721826975795787
2.0126832393594807,0.4751107007860677
2.0199055626408344,0.46616576237708934
2.0155709536510993,0.5014007686452012
2.026287646876512,0.4740457489690716
2.0297214977363502,0.48127605553040614
2.0331303654946162,0.4842322964277869
2.0355568825116848,0.4912679289952793
2.0394283714116783,0.49652081313990254
2.0408019814772564,0.5076773309874137
2.045191298595332,0.5065980183043959
2.052557988836522,0.4975436689009028
2.0471400108727464,0.5354192524404895
2.0530465624058367,0.5325793955773893
2.0616372934563483,0.51505016282881
2.0564476504677955,0.5510572210628251
2.067756907217164,0.5275768879089643
2.0695019096764162,0.536848065886119
2.059280949681035,0.5895133334206905
2.071594794392698,0.5640070991087553
2.076580273713858,0.5609058448817204
2.0781774496362826,0.5702661552496653
2.0783598859877297,0.5882348037281309
2.083967300389644,0.5830748587503145
2.079781395960788,0.6156868887798385
2.090275713008355,0.5938656780850479
2.0947173480533734,0.5928644294982134
2.0891236349001936,0.6298304836234924
2.0897723016521152,0.6414419126059822
2.090356986982284,0.6530755446151297
2.100935659079645,0.6356841640371237
2.0996022049817276,0.6536601416912827
2.1047268901295078,0.6506410054444535
2.0967336010746083,0.6920781791999416
2.092778453023853,0.7163953842391013
2.101779272338057,0.7054168203056321
2.1055713864965377,0.7066895615240455
2.101448457168544,0.7311220020379275
2.1061708132520685,0.732764972829024
2.0979338619807444,0.7677431281063736
2.101690234159761,0.7691177800814969
2.1071554821573475,0.7687293242840657
2.110142071562548,0.7722107470255243
2.0829832217367854,0.8533357475009712
2.108336225907602,0.8027791467929944
2.098937379718092,0.8378913270956738
-2.110109336908686,0.8232032472547628
-2.072756885271054,0.9230600709387443
1.9951508823125477,1.2698810797895461
1.9739975273009776,1.3097689728381978
1.9820925294407137,1.306592975924528
1.966915103363573,1.3364613635119669
1.9389149203917857,1.3836664813032493
1.9262065062185454,1.4097863296972861
1.9180755232377489,1.4275388916440197
1.8966991404851743,1.462380720087215
1.9006588464152059,1.4654337069767498
1.897939891838029,1.4754796396324315
1.8779881520762467,1.508788090044869
1.881106438754663,1.5112933421661554
1.833252570964119,1.5751425367418173
1.8574083911959731,1.5543867177490895
1.8448136507001365,1.5754804328173786
1.8126933074621874,1.6183457520201907
1.8033917367824912,1.6361550182377678
1.7543499382505783,1.7073254798544395
1.7104085552936,1.756931010022437
1.685509947063854,1.7877094893602827
1.672070224787392,1.8057414442215804
1.6437999142828792,1.8368850921610742
1.6434496801639096,1.8439016103819488
1.5823776928785525,1.901777283774404
1.6001240412826747,1.8921117970429768
1.5670428097120954,1.9260492809192664
1.5345901193844806,1.957090229265765
1.5173793931176915,1.9755102574630654
1.472484402399849,2.015392191284158
1.4708039620759685,2.021567635559501
1.4226500540881806,2.061817601923821
1.422855928739264,2.0665338143982854
1.3518223278881898,2.1184299360193517
1.3523886645397645,2.1239983286303104
1.309566816266264,2.1553465507278036
1.2703930330779687,2.183295110952012
1.2178251818623709,2.218752538347142
1.2063944066374974,2.229537516085738
1.1656543940820943,2.255608750106522
1.1019265213829375,2.292966188471365
1.07833056270974,2.308572545432804
1.038637967868657,2.3321749873673
1.0004077942756457,2.353175141198066
0.9665085269308481,2.3716201777202777
0.9182843868652816,2.3960613065694822
0.8932629809482052,2.409767882362848
0.8801561457383357,2.4188429380840413
0.7989716437591473,2.4521185355665023
0.7583465534290524,2.469169800743213
0.7297910240479345,2.481929503676337
0.6688113471405416,2.504227502032524
0.6044140225528424,2.5246583312086988
0.5574108386567963,2.5405696520559964
0.5098251508027384,2.554623908838435
0.4567698781559979,2.568704396852498
0.38024209233317163,2.586196425490162
0.37046031262474727,2.5916564503749284
0.3034225150841003,2.604384529469494
0.23606289642503525,2.616372165600953
0.21807420304608247,2.621946727522475
0.10532353979719497,2.632894215870548
0.07913965603107351,2.6388135430233195
-2.5451239508279238,0.7488344776531457
-2.575612929993938,0.6525848870821654
-0.28741727280907003,2.6504617166242936
-0.33028086508440196,2.6494932629012475
-0.6869042262244139,2.6028881236032873
-0.7557406088167326,2.588950585118479
-0.8342929508007313,2.568921227333413
-0.8944749677236973,2.5528297107554376
-0.9521730136143829,2.5372162998342302
-1.0117631813260002,2.518358843555281
-1.0759829270330048,2.495953673595223
-1.1549488590065413,2.4659323050480295
-1.2520541437646635,2.422579084587691
-1.2949517575376235,2.4044668734774075
-1.3618813125017752,2.3729676126442274
-1.4134731504320084,2.3472736638508542
-1.4951716164707949,2.3020614321299315
-1.599543270824703,2.235724116423896
-1.6397000409472962,2.2114232466259
-1.6735322268751538,2.1922257834471086
-1.7624115992264837,2.1266286358722692
-1.8342706581874018,2.0703157132458703
-1.8949321575200142,2.0217994753180997
-1.9457095990185236,1.9785952482221256
-2.0242894239435976,1.903967785470673
-2.0638038062974866,1.8685207649667706
-2.143513943391041,1.7827764791157044
-2.201682716771249,1.7185581790183229
-2.2620649752340882,1.6450747848712546
-2.3121161695302836,1.5810502264623374
-2.371749806103037,1.4994795287866407
-2.4262220236006287,1.4175848095247319
-2.484501206742687,1.3213060787320001
-2.5287466115380823,1.2458738197083474
-2.5627312372827578,1.183950001248019
-2.6286998965342563,1.0401278065510933
-2.653660478426535,0.9890955794244823
-2.6966535565703604,0.8780407711697811
-2.7233615901001738,0.8090628217679098
-2.7545898987141926,0.7115191423298007
-2.79346048006083,0.5598031317689455
-2.8139248833899786,0.47659495448304573
-2.835422871570567,0.35852634404534306
-2.85356860516515,0.21952269954567108
-2.863448742029994,0.1426544838651924
-2.870913157462669,0.022330300215819502
-2.870294389149888,-0.164423598107664
-2.8705055130261465,-0.23366236258006456
-2.866499018086728,-0.31723710266585226
-2.8496571951853835,-0.4751577316304259
-2.8340484932014007,-0.5810491701937708
-2.8074960234817827,-0.7145453646438255
-2.7871939580886957,-0.8081793365298758
-2.4885281645214516,-1.5333481582417914
-2.4178681307013616,-1.6513926554695295
-2.342569067303529,-1.763234007417244
-2.0172618954720987,-2.1456186625484768
-1.9219570602567178,-2.2379859379650617
-0.9800309606868858,-2.8100027252825113
-0.8965059061468179,-2.8419495351332107
-0.3001100030079226,-2.9738955909874485
-0.21403898410725297,-2.985336884387143
1.066496096168098,-3.0710889073516268
1.0122906956046847,-3.0935889428933803
0.8825887103389298,-3.1372150338129936
0.8524788343669313,-3.1507103702112
0.7457954809045894,-3.1817625776701646
0.7275810591008648,-3.1900799053374294
0.6357457939417339,-3.2147404693824657
0.536453360976827,-3.236847044810222
-2.1573438676557566,2.478641449804328
-2.071806803599127,2.5557223183594044
-2.08199286041121,2.5525950969937923
-2.082595629152448,2.5585535846323637
-2.077426413765547,2.5678996272029826
-2.1055478886060133,2.5500817808036587
-2.080511038457712,2.576978428092795
-2.0752740987965965,2.586328172306054
-2.077777445116013,2.589447989160464
-2.1041621666172956,2.5745148235301363
-2.1015340556073054,2.5818202131679717
-2.1483410880822498,2.549546345775573
-2.2015371128989925,2.509079181797252
-2.2341608722422315,2.485455531073093
-0.601713097548014,-3.292468731550715
-0.6320750381248493,-3.2908482411347184
-0.669033053515015,-3.287616123166507
-0.6799046392998671,-3.2904907964403303
-0.8151748803761574,-3.2637380278453287
-0.8826373550532033,-3.255469290204515
-0.9259794891980103,-3.2475669331954635
-0.9792675843275039,-3.237122024003015
-1.0095542508438329,-3.2319957015137177
-1.6258584709341537,2.974673802703694
-1.696338204766238,2.940826702655302
-1.6271915235954886,2.9841998501338667
-1.6529557373449084,2.9745833876996204
-1.5984889046845465,3.0098666451523064
-1.6453843229458534,2.989055775626145
-1.6203138695510118,3.007264365522364
-1.6557150108630534,2.9936347143235027
-1.6636419043215722,2.9938137240291507
-1.6660705786344507,2.998184255013135
-1.6979464246242442,2.9848507398370434
-1.6639427674209817,3.0085110049237658
-1.6934108199831273,2.9977673016370154
-1.7312702569703804,2.9806899029133698
-1.7630336010374226,2.9666670729310054
-1.830516691974143,2.931406597591682
-1.8618912197113602,2.9163266425353904
-1.9306978135061121,2.8760566671960266
-1.6775980963815667,-3.036383642924086
-1.6825715290339167,-3.0382037538131748
-1.7153349112151879,-3.0255760017501436
-1.7294101462691949,-3.022162230255213
-1.764573386446954,-3.006405954598136
-1.7701141633568604,-3.0089494593102497
-1.846890684268498,-2.9671568546947835
-1.846032959375189,-2.9724002612199594
-1.8456933314151875,-2.978494943149897
-1.871596063937159,-2.9670173867800194
-1.903339977467352,-2.951515022861069
0.9185563910749073,-3.3949290355492616
0.8821595219814972,-3.408699983538794
0.8707377123045243,-3.420923243273763
0.8545895605332597,-3.4291154374018333
0.8523642628807956,-3.4348211253810117
0.8016530445364839,-3.4511159638855062
0.8370675190665275,-3.4468140316129343
0.8209787143688678,-3.455820879408139
0.8080578513561754,-3.4629724961168318
0.8228277655273563,-3.463604259767166
0.7300458171293686,-3.4894495418177223
0.8214351756427675,-3.473183734301532
0.826063605054711,-3.4772251753954637
0.7851561883706014,-3.490789847565068
1.1678515706358776,-3.395792059146631
1.1759492420534885,-3.3972295153718757
1.1058893358709012,-3.425931811464878
1.844408659479179,-3.0962836912722027
1.9233636733192043,-3.052594991176533
1.9656039511199142,-3.0315293347321877
1.964744228239714,-3.036851843208478
2.0308837586358757,-2.9990657143365524
2.0660290764738773,-2.979832185738737
1.7466673995506767,-3.187848490023777
1.6747322462127283,-3.230726373974631
1.5128313296708722,-3.3140293251518247
1.5809718435738682,-3.2876179872099867
1.5925718968473574,-3.2864599120287488
1.0862369442842161,-3.4961422026101987
1.020732211592901,-3.5199901636533966
-0.6406348083541553,3.6268548416396587
-0.6594764603922753,3.627541839619286
-0.80848596813682,3.601365218819922
-2.355015264159358,2.848564393791446
-2.391613185207714,2.8231518507406954
-2.430736021968862,2.7948413893283806
-2.4535477587974786,2.7815075759918164
-2.5304711415228396,2.717183247762303
-2.4927825650600965,2.7585429275855766
-2.52021661341318,2.738939981357058
-2.5338723889539647,2.731769887178773
-2.5726179131963973,2.702220951865523
-2.583479765985927,2.6973797097815684
-2.621130511464502,2.666420042279505
-2.6538460957076198,2.6409537860964973
-2.6698670144281045,2.6304589191372596
-2.7274216066050494,2.576562706363641
-2.7336348606152865,2.5772639462866125
-2.777473399873466,2.535894815049577
-2.7862388330269043,2.533698712422784
-2.839364788521082,2.4801023361358765
-2.842377377156118,2.482733744450079
-2.8977182074663306,2.4257102444682292
-2.9344958938969246,2.387430176717654
-2.954256292378891,2.3693329776415406
-2.977041642426999,2.348720302474425
-3.0311829870910882,2.28507017370792
-3.0705867633969253,2.238637292741188
-3.0835687197172703,2.229266460246777
-3.0934912455094876,2.22233951365586
-3.145754132956575,2.156577597719736
-3.199953584955513,2.0826476068049433
-3.211619746400507,2.0719996632553648
-3.2686707411973503,1.990407140672572
-3.268095656032232,1.99902770941857
-3.3069960734014563,1.9419067872859783
-3.36259423753614,1.8543354587799756
-3.411446931936458,1.7715433470794129
-3.4514822308704076,1.7012861046825236
-2.224803075534192,3.1506666397912686
-2.255989341214198,3.1345743079927026
2.9604733549361453,-2.486273016929783
2.9956401061417584,-2.4501102739417657
3.0575195914548425,-2.380587941637488
3.1490001288201888,-2.265047281778116
3.163544822293517,-2.251593470709106
3.246710220391149,-2.139022380623367
3.3107706710608906,-2.046084446850378
3.379946823688339,-1.9377243016071988
3.4205354860253987,-1.875563379052009
3.4536430630686716,-1.8224638797292094
3.493867065869423,-1.7552757407407495
3.5567843349736816,-1.6336098660591596
3.6169697101162974,-1.5060724139632953
3.665653923283488,1.6257556134660498
3.5888087610127717,1.7890085737295878
3.5888087610127717,1.7890085737295878
3.600443303130768,1.7948083521481624
4.000763832943291,-0.5009119214122435
4.003722018172161,-0.5094173153745661
4.017513943842979,-0.4256544502612832
4.0157791905135465,-0.4417210579521509
4.0157791905135465,-0.4417210579521509
4.029695257015327,-0.44325177448960884
2.5710256774407094,3.1447847248962115
2.4171727156862306,3.2645244772465802
2.4171727156862306,3.2645244772465802
2.4171727156862306,3.2645244772465802
2.4171727156862306,3.2645244772465802
2.4171727156862306,3.2645244772465802
2.432644525289343,3.285420005658301
3.9577746239921674,1.0589754603784078
3.9664687835274193,1.0613017428151679
1.2669049313725596,3.909865968912987
1.2762728811304092,3.912077776948087
0.10863774511030969,4.12156849273882
-0.06459128291781127,4.127494635510873
-0.31227847104021456,4.120182781931499
-0.46492636150157174,4.109785819039833
-0.8909965678043487,4.0481045090462855
-1.081506535096935,4.006600006806598
-1.3473214076317654,3.9252038194897803
-1.3473214076317654,3.9252038194897803
-1.3473214076317654,3.9252038194897803
-1.3473214076317654,3.9252038194897803
-1.3473214076317654,3.9252038194897803
-1.3557624574145186,3.949795457876945
-0.32424155454859416,4.167405357570092
-0.286996656362334,4.174145292061219
2.361186984013427,3.471022907807665
2.4084021179393407,3.44331282899264
2.379578213273916,3.46814698750098
2.4752785641772213,3.406687104758046
2.233062369151362,3.574864676526946
2.237830473854176,3.5824978395373237
3.0439771333029366,2.9601890500319126
3.0020589889170957,3.0083453636612374
3.0078941300043427,3.008170357989291
3.6886651926965066,2.248588245141659
3.768576832456107,2.1200954360299664
3.7463273733029334,2.167167555137615
3.2826080697876456,2.8816502668028656
3.158590822499495,3.0228608992181503
1.7190530012307323,4.039425303054831
1.769011559501327,4.022167836173757
-0.4586482540103184,4.40920976809828
-0.5912313312415053,4.397432718411778
-1.716071351819382,4.097128642777134
-1.5480867712290698,4.1677743879372295
0.1970267201793955,-4.450641018048451
0.2150205473548566,-4.453812654817804
0.1929650237764092,-4.45982740692944
0.1350935383834583,-4.46595720264839
0.3316981962107293,-4.459681637362756
-0.2718384509295553,4.476754276995357
-0.10616850914528156,4.488744618227447
4.398574389719137,0.9211836614415817
4.407383283690538,0.9230284885339214
4.105586757949004,1.8810670835868106
4.138819715581583,1.816747467842787
3.8049720852680893,2.4637930981173346
3.895476186739406,2.327812122690793
-4.203987463539002,-1.7430118778731565
-4.278785332360603,-1.562056682574533
-4.346744111776454,-1.378192884445687
-4.29962339350644,-1.530795438330074
-4.287855404372216,-1.5750936579124362
1.9252671234678966,-4.16230014574798
1.7715232706219954,-4.23436008171775
3.641331028131822,2.823893118296874
3.5046818144140683,2.997957534675119
3.4843448380685524,3.035289450682593
3.378919761261531,3.158089018212805
3.42887214728009,3.1097390240351075
3.5985194499674398,2.919694122370704
3.642182349595505,2.8715068748472405
0.5667861266012708,4.616335612441141
0.5304072940302731,4.625689581288338
1.4016293987044206,-4.476708168809698
1.3489585463125977,-4.497036339671963
1.2190332699904571,-4.5381228373256235
-1.2391666107226755,-4.537849943626395
-1.2311344321236883,-4.5441800151445895
-2.0796115722355704,-4.233828611153727
-2.0431545255664507,-4.255979391944624
-1.9161971217290008,-4.3190060882890045
4.733560312524407,0.0645195140545845
4.738637395064161,-0.058622846225216775
4.7383318719514715,-0.21038077680450884
4.728055216759308,-0.42367778709190584
4.743053955277515,-0.29145012836902967
4.754587711866118,-0.11589516888859801
4.675272329694502,-0.920355172307377
4.653668904134444,-1.0424618605455667
3.0178555936366904,-3.7210520845529347
3.108876601909187,-3.6506042341099625
4.337949041700291,-2.054798800761653
4.355853091719467,-2.0260700489760866
-2.115047748747113,-4.327824167005837
-2.0210083138522688,-4.376935731232526
-1.8952087338974464,-4.438294701229159
0.7783938213735156,-4.780036826097424
0.6449303185814609,-4.804910913240162
3.481732012903816,-3.3921767628354424
3.4470423344249084,-3.4330925045332643
-3.1147029009696174,-3.7541323682964944
-3.2108609354801785,-3.678866816426949
-3.157903525387477,-3.729666784626388
-3.7495816822541235,-3.140464648440472
-3.8731329676478063,-2.994938566134487
-3.837004836645102,-3.047522581304706
-3.8248390956453755,-3.06917283521516
-3.7444012406219893,-3.1745456917846537
-3.6733935304641867,-3.2624758957490956
0.7102656554663958,-4.883620347515241
0.7938234738310538,-4.874788743360557
0.8531251686167594,-4.869837106790393
0.6582333367040157,-4.904022111945612
0.49154533336293127,-4.9275437273807245
0.5856650554840062,-4.922280512403262
0.5516398056890107,-4.9302347332332355
0.10722748630580091,-5.003851243410473
0.09228917124893918,-5.008149729078614
0.3277451594572266,-5.0022746936221285
5.015835809415414,-0.147360554376042
5.021242354322464,-0.08723083834401678
5.003549107597462,0.48500033800054426
4.99740483162748,0.5804359989062691
4.98243152302902,0.7256728728061431
-4.6635256898991955,1.9113158136870612
-4.700899960335195,1.8285173127210348
-1.2992404856906827,4.887251084233574
-1.138182669625632,4.931354906165634
-1.1294324081527076,4.938495563976379
0.012298349988359769,-5.069985083862433
0.05290953209464759,-5.074724187718336
-0.04862706361498054,-5.0787672134765325
-2.1580535419115985,4.607661978730949
-2.1366668023602884,4.6220254191957295
-2.110552991351727,4.638402965536336
-2.1126237851030534,4.64295398885417
-2.275583172043395,4.569764351376658
-2.3502450959303154,4.53632328974198
3.1339078551842334,-4.041239606261247
3.25626165438157,-3.9485040253498798
3.279163822228376,-3.936014942424455
3.34821124423702,-3.8827323451359335
3.3117989548432516,-3.9190749779379255
3.2558120632035994,-3.972176205696057
3.364479391003804,-3.8858562026290513
3.3083878557606976,-3.938947295389357
3.256082036954427,-3.9887505272481896
3.325998833425701,-3.9358786515911377
3.155786965713275,4.090056799976525
3.130106081945083,4.116026836133409
2.9695368755748146,4.238216104046768
3.0852553735863104,4.159716370109481
3.142100037735695,4.123234574076686
3.173332133788527,4.104303493732543
3.0595399052974592,4.19476811848908
3.1499795324290907,4.133574475593467
-0.24214530530542844,-5.19536010793463
-0.3150963899789759,-5.195453711180788
-0.3777802045448252,-5.196285415280234
-0.2323333815967464,-5.208821095007567
4.801766119979044,-2.0549382299770937
4.763354966274786,-2.1522031654249867
-4.8144519631434735,-2.0481397155916783
-4.898098049295611,-1.8504949336560006
-4.877351578429502,-1.9154742442516037
-4.824358835965298,-2.0580541348185086
-4.8337760249221455,-2.0563604598629754
-4.909325497951287,-1.882840183118405
-4.927977047865093,-1.8449081862561176
4.722074670171525,-2.3712163143257277
4.732747049327678,-2.3588237253089006
4.767514585973094,-2.299272422427102
4.784837566124116,-2.2723420661967775
4.7701053098619415,-2.312292441026202
4.797510180688251,-2.266612464933648
4.834610273909896,-2.1960517979785616
4.686166317004939,-2.5078018760197893
4.609651942631507,-2.6538406070812868
5.2940339900520765,-0.5545566807579705
5.2868462040220825,-0.6609396455178813
5.300720619875611,-0.5767017513633109
-4.690109695600679,-2.5635709553730908
-4.698741188173703,-2.5560970729923347
-4.610724238480085,-2.7214955441250024
-4.957245987533517,-2.033193600984137
-4.911605565784233,-2.1535783631336365
-4.925983330130534,-2.130581430332128
-4.847408412022286,-2.313065646940352
-4.400146012803494,-3.088703784115519
-4.482288654701451,-2.9754812074578227
-5.387579221126413,0.12373817554382766
-5.3823135990133215,0.33933659083020934
-5.409281082865722,0.2488034697327076
-5.404184260170601,0.4004416088823921
-5.40443450541416,0.46028651586681035
-1.7748196930567397,5.221612783148323
-1.8857823049064686,5.1878921633454995
2.3617216214061987,-4.99810513924852
2.3036575008928573,-5.030631284300219
3.790200842652504,-4.048764450095394
3.6613608921899607,-4.170963487869671
3.567680035654329,-4.2578966830107
2.368637086257854,5.0291191429119975
2.4655298807773325,4.986795705359716
2.296648917078658,5.072280330549705
0.6462339399884316,-5.534398404055045
0.7573285638448959,-5.524330678587645
1.0334093865919558,-5.4844895878927185
0.7917365683969109,-5.528596404718207
5.1783521110428845,-2.1501438124129524
5.262000029314856,-1.9479929906163551
3.4410583187669492,4.487554194307271
3.30724121187166,4.59199701290165
-4.9927838695669475,-2.7019323144357426
-5.038921791240954,-2.6235525879534136
-5.04771041431467,-2.6153096514981193
-4.987878358762388,-2.7380959585430587
-3.792024545233304,-4.265020380765859
-3.9175275741449105,-4.1569125208277224
4.139953104316833,3.941249077901246
4.209296466607824,3.8730121683520284
4.342313185258412,3.730943741351636
4.433692326457619,3.6281969839454447
4.322121624150165,3.7665041704548177
4.2380494825782415,3.8682787623461556
4.2795009166446425,3.8283724876816345
4.1616813396438985,3.9619344299546113
-1.0129105172434762,5.674302449117209
-0.8770568499576646,5.700929334936747
-1.381495218990023,5.6052653781875215
-1.5834424536421927,5.555757283755617
-3.051179926092732,4.936102719616838
-3.051179926092732,4.936102719616838
-3.058015242142914,4.947160678492423
-5.689587234073777,1.2672166767623836
-5.684139105457938,1.3138183397273089
-4.585794919605539,3.6193160894456313
-4.611371507193361,3.594810401487849
0.0722711671353405,5.850553638622664
0.31813007734973997,5.847352328523179
-5.191050788226056,-2.774524772651642
-5.222082428881801,-2.7243265417280567
-5.098567124160627,-2.9589927814086385
-5.6914414532108655,1.5849158288921827
-5.734600996938347,1.4373918762514668
-5.72177485236817,1.5073757125571579
-5.7180293640127635,1.5370039662563635
-5.648702319169499,1.7882357533080253
-5.640802535763274,1.8292749253533815
-5.593132393306088,1.9822275426777103
-5.568585148219425,2.0617234167147735
-5.513320191883793,2.21868191991697
-5.579087299661511,2.059270235485286
-5.602100595758744,2.010664794290568
-5.617836566886931,1.9783448404532675
-5.650671028587017,1.8951297915149068
-5.643929477603099,1.9306177902015715
-5.703121573287848,1.761637113681119
-5.701629274236918,1.7799305096448554
-5.745861891844099,1.6497136478352097
-5.741380639255953,1.6795452822644887
-5.741846918770606,1.6921554188089483
-5.768173172402852,1.618721487215147
-5.757212609113626,1.6716841727620322
-5.744995684170492,1.730613934088832
5.661558082143536,-1.9986935939546122
5.565107155852743,-2.2639890335150907
5.452070075043538,-2.535961532991925
5.336018322478157,-2.780503095156953
5.181608449227736,-3.0664922760202313
5.035992889055704,-3.3092977535091
4.8852673042684085,-3.5348356914920505
4.75802953933632,-3.7108369544892437
4.57040276559486,-3.9472698869272733
4.391115391590958,-4.151620721806484
4.233721866297695,-4.31901645734683
3.9743078263894858,-4.564162716325884
3.805265616782968,-4.711166478243933
3.602202078422704,-4.874408803763504
3.4166720116351583,-5.011045536104114
3.210521403740612,-5.150273130244978
3.015022313211432,-5.272866056599312
2.8788188040225298,-5.3529885385274545
2.559850107566808,-5.517054597046344
2.389581754067191,-5.598345116249012
2.1766001519784313,-5.6888217390253555
1.954740545490596,-5.7740977996406615
1.775997592651461,-5.8357375327285075
1.530405356849019,-5.9090333764269625
1.287970891799647,-5.971684183032189
1.1690525462209194,-6.0001737594985025
-1.7346197350689423,5.871113895566101
-1.7346197350689423,5.871113895566101
-1.7383031810924472,5.883581141669066
-5.85769715492124,-1.8536774372116658
-5.85769715492124,-1.8536774372116658
-5.870091370906588,-1.857599606268266
-1.2153917831202323,-6.039929123220223
-1.3488405524122458,-6.015634144807032
-1.4880370514726229,-5.987874892935277
-1.7274170665661162,-5.92741986686755
-1.8703750053683768,-5.888071105149228
-2.0127641638654845,-5.846218386329651
-2.2233158494509637,-5.773719393387606
-2.3057893090472215,-5.746668570770681
-2.5297323817167108,-5.656047213106861
-2.6888241458516604,-5.586611201138405
-2.879498647245859,-5.496409058695438
-2.9689815675394104,-5.453148581472104
-3.1224963112178306,-5.371348600345265
-3.247812194504043,-5.302380592642407
-3.4387630245093264,-5.185382614741893
-3.5899785880304895,-5.0867602398267815
-3.673851815398766,-5.032710386907953
-3.894162173039305,-4.869366074764743
-4.0226585589019175,-4.770305872634705
-4.1572961181387065,-4.658800809876811
-4.197120111018117,-4.628356811405887
-4.386810158678942,-4.455996592425901
-4.456002745473637,-4.392503674708924
-4.480772128306276,-4.37296262666326
-3.2912670985689343,5.33200871022147
-3.2291075980114132,5.374547806138201
-3.1392795446195563,5.432126649916516
-3.0269314446530196,5.501229592497552
